Fragmentation type,Experiment folder,Reference genome folder,Processed,Index,Start,End,Both Ends?,File format,Category_Main,Category_general,Category_Hex,Class,DSB Map,Alignment_strand,RMSD?
00_Breakage/Ultrasonication,Simons_exp_1,hs37d5,FALSE,0,0,0,TRUE,FASTA,Ultrasonication,Mechanical,#8B8000,DNA_Breakage,TRUE,both,TRUE
00_Breakage/Ultrasonication,Simons_exp_10,hs37d5,FALSE,0,0,0,TRUE,FASTA,Ultrasonication,Mechanical,#8B8000,DNA_Breakage,TRUE,both,TRUE
00_Breakage/Ultrasonication,Simons_exp_11,hs37d5,FALSE,0,0,0,TRUE,FASTA,Ultrasonication,Mechanical,#8B8000,DNA_Breakage,TRUE,both,TRUE
00_Breakage/Ultrasonication,Simons_exp_12,hs37d5,FALSE,0,0,0,TRUE,FASTA,Ultrasonication,Mechanical,#8B8000,DNA_Breakage,TRUE,both,TRUE
00_Breakage/Ultrasonication,Simons_exp_13,hs37d5,FALSE,0,0,0,TRUE,FASTA,Ultrasonication,Mechanical,#8B8000,DNA_Breakage,TRUE,both,TRUE
00_Breakage/Ultrasonication,Simons_exp_14,hs37d5,FALSE,0,0,0,TRUE,FASTA,Ultrasonication,Mechanical,#8B8000,DNA_Breakage,TRUE,both,TRUE
00_Breakage/Ultrasonication,Simons_exp_15,hs37d5,FALSE,0,0,0,TRUE,FASTA,Ultrasonication,Mechanical,#8B8000,DNA_Breakage,TRUE,both,TRUE
00_Breakage/Ultrasonication,Simons_exp_16,hs37d5,FALSE,0,0,0,TRUE,FASTA,Ultrasonication,Mechanical,#8B8000,DNA_Breakage,TRUE,both,TRUE
00_Breakage/Ultrasonication,Simons_exp_17,hs37d5,FALSE,0,0,0,TRUE,FASTA,Ultrasonication,Mechanical,#8B8000,DNA_Breakage,TRUE,both,TRUE
00_Breakage/Ultrasonication,Simons_exp_18,hs37d5,FALSE,0,0,0,TRUE,FASTA,Ultrasonication,Mechanical,#8B8000,DNA_Breakage,TRUE,both,TRUE
00_Breakage/Ultrasonication,Simons_exp_19,hs37d5,FALSE,0,0,0,TRUE,FASTA,Ultrasonication,Mechanical,#8B8000,DNA_Breakage,TRUE,both,TRUE
00_Breakage/Ultrasonication,Simons_exp_2,hs37d5,FALSE,0,0,0,TRUE,FASTA,Ultrasonication,Mechanical,#8B8000,DNA_Breakage,TRUE,both,TRUE
00_Breakage/Ultrasonication,Simons_exp_20,hs37d5,FALSE,0,0,0,TRUE,FASTA,Ultrasonication,Mechanical,#8B8000,DNA_Breakage,TRUE,both,TRUE
00_Breakage/Ultrasonication,Simons_exp_21,hs37d5,FALSE,0,0,0,TRUE,FASTA,Ultrasonication,Mechanical,#8B8000,DNA_Breakage,TRUE,both,TRUE
00_Breakage/Ultrasonication,Simons_exp_22,hs37d5,FALSE,0,0,0,TRUE,FASTA,Ultrasonication,Mechanical,#8B8000,DNA_Breakage,TRUE,both,TRUE
00_Breakage/Ultrasonication,Simons_exp_23,hs37d5,FALSE,0,0,0,TRUE,FASTA,Ultrasonication,Mechanical,#8B8000,DNA_Breakage,TRUE,both,TRUE
00_Breakage/Ultrasonication,Simons_exp_24,hs37d5,FALSE,0,0,0,TRUE,FASTA,Ultrasonication,Mechanical,#8B8000,DNA_Breakage,TRUE,both,TRUE
00_Breakage/Ultrasonication,Simons_exp_25,hs37d5,FALSE,0,0,0,TRUE,FASTA,Ultrasonication,Mechanical,#8B8000,DNA_Breakage,TRUE,both,TRUE
00_Breakage/Ultrasonication,Simons_exp_3,hs37d5,FALSE,0,0,0,TRUE,FASTA,Ultrasonication,Mechanical,#8B8000,DNA_Breakage,TRUE,both,TRUE
00_Breakage/Ultrasonication,Simons_exp_4,hs37d5,FALSE,0,0,0,TRUE,FASTA,Ultrasonication,Mechanical,#8B8000,DNA_Breakage,TRUE,both,TRUE
00_Breakage/Ultrasonication,Simons_exp_5,hs37d5,FALSE,0,0,0,TRUE,FASTA,Ultrasonication,Mechanical,#8B8000,DNA_Breakage,TRUE,both,TRUE
00_Breakage/Ultrasonication,Simons_exp_6,hs37d5,FALSE,0,0,0,TRUE,FASTA,Ultrasonication,Mechanical,#8B8000,DNA_Breakage,TRUE,both,TRUE
00_Breakage/Ultrasonication,Simons_exp_7,hs37d5,FALSE,0,0,0,TRUE,FASTA,Ultrasonication,Mechanical,#8B8000,DNA_Breakage,TRUE,both,TRUE
00_Breakage/Ultrasonication,Simons_exp_8,hs37d5,FALSE,0,0,0,TRUE,FASTA,Ultrasonication,Mechanical,#8B8000,DNA_Breakage,TRUE,both,TRUE
00_Breakage/Ultrasonication,Simons_exp_9,hs37d5,FALSE,0,0,0,TRUE,FASTA,Ultrasonication,Mechanical,#8B8000,DNA_Breakage,TRUE,both,TRUE
00_Breakage/Nebulization,1000_Genomes_exp_2,hg19,FALSE,0,0,0,TRUE,FASTA,Nebulisation,Mechanical,#8B8000,DNA_Breakage,TRUE,both,TRUE
00_Breakage/Nebulization,1000_Genomes_exp_3,hg19,FALSE,0,0,0,TRUE,FASTA,Nebulisation,Mechanical,#8B8000,DNA_Breakage,TRUE,both,TRUE
00_Breakage/Ancient_DNA,Altai_Neandertal,hg19,FALSE,0,0,0,TRUE,FASTA,Neandertal_Altai,Natural Fragmentation,#9CDC9C,DNA_Breakage,TRUE,plus,TRUE
00_Breakage/Ancient_DNA,Denisovan_Genome,hg19,FALSE,0,0,0,TRUE,FASTA,Denisovan,Natural Fragmentation,#9CDC9C,DNA_Breakage,TRUE,plus,TRUE
00_Breakage/Ancient_DNA,Vindija_Neandertal,hs37d5,FALSE,0,0,0,TRUE,FASTA,Neandertal_Vindija,Natural Fragmentation,#9CDC9C,DNA_Breakage,TRUE,plus,TRUE
00_Breakage/Ancient_DNA,Ust_Ishim,hg19,FALSE,0,0,0,TRUE,FASTA,Neandertal_Ust_Ishim,Natural Fragmentation,#9CDC9C,DNA_Breakage,TRUE,plus,TRUE
00_Breakage/Ancient_DNA,Chagyrskaya_Neandertal,hg19,FALSE,0,0,0,TRUE,FASTA,Neandertal_Chagyrskaya,Natural Fragmentation,#9CDC9C,DNA_Breakage,TRUE,plus,TRUE
00_Breakage/Enzymatic,Twist_library/C25cl48-cells,hs37d5,FALSE,0,0,0,TRUE,FASTA,Twist_library_C25cl48_cells,Enzymatic,#BB357E,DNA_Breakage,TRUE,both,TRUE
00_Breakage/Enzymatic,AsiSI_AID-DlvA_cells,hg19,TRUE,0,1,0,TRUE,BED,AsiSI_restriction_enzyme_AID-Diva_cells,Enzymatic,#BB357E,DNA_Breakage,TRUE,both,TRUE
00_Breakage/Enzymatic,EcoRV_HeLa_cells,hg19,TRUE,0,1,0,TRUE,BED,EcoRV_restriction_enzyme_HeLa_cells,Enzymatic,#BB357E,DNA_Breakage,TRUE,both,TRUE
00_Breakage/Enzymatic,Nt_BbvCI_K562_cells/NT,hg19,TRUE,0,1,0,TRUE,BED,Nt_BbvCI_restriction_enzyme_K562_cells_NT,Enzymatic,#BB357E,DNA_Breakage,TRUE,both,TRUE
00_Breakage/Enzymatic,Nt_BbvCI_K562_cells/Sap,hg19,TRUE,0,1,0,TRUE,BED,Nt_BbvCI_restriction_enzyme_K562_cells_Sap,Enzymatic,#BB357E,DNA_Breakage,TRUE,both,TRUE
00_Breakage/ENDseq,WRN_loss_DSBs/HCT116_shWRN,hg19,TRUE,0,0,0,TRUE,CSV,HCT116_cells_shWRN_WRN_Loss,Biological,#BFABCB,DNA_Breakage,TRUE,both,FALSE
00_Breakage/ENDseq,WRN_loss_DSBs/HCT116_siWRN,hg19,TRUE,0,0,0,TRUE,CSV,HCT116_cells_siWRN_WRN_Loss,Biological,#BFABCB,DNA_Breakage,TRUE,both,FALSE
00_Breakage/ENDseq,WRN_loss_DSBs/KM12_shWRN,hg19,TRUE,0,0,0,TRUE,CSV,KM12_cells_shWRN_WRN_Loss,Biological,#BFABCB,DNA_Breakage,TRUE,both,FALSE
00_Breakage/ENDseq,WRN_loss_DSBs/KM12_siWRN,hg19,TRUE,0,0,0,TRUE,CSV,KM12_cells_siWRN_WRN_Loss,Biological,#BFABCB,DNA_Breakage,TRUE,both,FALSE
00_Breakage/ENDseq,WRN_loss_DSBs/KM12_APH-ATR-inhib,hg19,TRUE,0,0,0,TRUE,CSV,KM12_cells_APH-ATRI_WRN_Loss,Biological,#BFABCB,DNA_Breakage,TRUE,both,FALSE
00_Breakage/ENDseq,WRN_loss_DSBs/HCT116_APH-ATR-inhib,hg19,TRUE,0,0,0,TRUE,CSV,KM12_cells_APH-ATRI_WRN_Loss,Biological,#BFABCB,DNA_Breakage,TRUE,both,FALSE
00_Breakage/BrITL,MDA-MB-231/DMSO,hg19,TRUE,0,0,0,TRUE,NARROWPEAK,MDA-MB-231_cells_fork-collapse_DMSO,Biological,#BFABCB,DNA_Breakage,TRUE,both,FALSE
00_Breakage/BrITL,MDA-MB-231/APH-ATR-inhib,hg19,TRUE,0,0,0,TRUE,NARROWPEAK,MDA-MB-231_cells_fork-collapse_APH-ATR-inhib,Biological,#BFABCB,DNA_Breakage,TRUE,both,FALSE
00_Breakage/Apoptoseq,Apoptotic_DSBs/HL-60-leukemic/AHH001,hg19,TRUE,0,0,0,TRUE,CSV,HL-60_cells_apoptosis,Biological,#BFABCB,DNA_Breakage,TRUE,both,FALSE
00_Breakage/Apoptoseq,Apoptotic_DSBs/HL-60-leukemic/AHH002,hg19,TRUE,0,0,0,TRUE,CSV,HL-60_cells_apoptosis,Biological,#BFABCB,DNA_Breakage,TRUE,both,FALSE
00_Breakage/Recombination_rates,genetic_map_GRCh37,hg19,TRUE,0,0,-1,TRUE,TXT,Recombination_rates,Biological,#BFABCB,DNA_Breakage,TRUE,both,TRUE
00_Breakage/DSBCapture,NHEK_DSBs,hg19,TRUE,0,0,0,TRUE,NARROWPEAK,NHEK_cells,Biological,#BFABCB,DNA_Breakage,TRUE,both,FALSE
00_Breakage/SARseq,iNeuron,hg19,TRUE,0,0,0,TRUE,BED,Neuronal_cells,Biological,#BFABCB,DNA_Breakage,TRUE,both,FALSE
00_Breakage/CCseq,RPE-1_Top2-linked_DNA_DSBs/WG13-WG21_RPE1_WT_G1_UT,hg19,TRUE,0,0,0,TRUE,TXT,RPE1_cells_Top2_WT_NT,Biological,#BFABCB,DNA_Breakage,TRUE,both,TRUE
00_Breakage/CCseq,RPE-1_Top2-linked_DNA_DSBs/WG14-WG22_RPE1_WT_G1_VP16,hg19,TRUE,0,0,0,TRUE,TXT,RPE1_cells_Top2_WT_VP16,Biological,#BFABCB,DNA_Breakage,TRUE,both,TRUE
00_Breakage/CCseq,RPE-1_Top2-linked_DNA_DSBs/WG17-WG25A_RPE1_T2B_G1_UT,hg19,TRUE,0,0,0,TRUE,TXT,RPE1_cells_Top2_Loss_NT,Biological,#BFABCB,DNA_Breakage,TRUE,both,TRUE
00_Breakage/CCseq,RPE-1_Top2-linked_DNA_DSBs/WG18-WG26_RPE1_T2B_G1_VP16,hg19,TRUE,0,0,0,TRUE,TXT,RPE1_cells_Top2_Loss_VP16,Biological,#BFABCB,DNA_Breakage,TRUE,both,TRUE
00_Breakage/sBLISS,K562_Top2_mediated_DSBs/DMSO,hg19,TRUE,0,0,0,TRUE,BED,K562_cells_Top2_DMSO,Biological,#BFABCB,DNA_Breakage,TRUE,both,TRUE
00_Breakage/sBLISS,K562_Top2_mediated_DSBs/ETO,hg19,TRUE,0,0,0,TRUE,BED,K562_cells_Top2_ETO,Biological,#BFABCB,DNA_Breakage,TRUE,both,TRUE
00_Breakage/sBLISS,TK6_Top2_mediated_DSBs/DMSO_rep1,hg19,TRUE,0,0,0,TRUE,BED,TK6_cells_Top2_DMSO,Biological,#BFABCB,DNA_Breakage,TRUE,both,TRUE
00_Breakage/sBLISS,TK6_Top2_mediated_DSBs/DMSO_rep2,hg19,TRUE,0,0,0,TRUE,BED,TK6_cells_Top2_DMSO,Biological,#BFABCB,DNA_Breakage,TRUE,both,TRUE
00_Breakage/sBLISS,TK6_Top2_mediated_DSBs/ETO_rep1,hg19,TRUE,0,0,0,TRUE,BED,TK6_cells_Top2_ETO,Biological,#BFABCB,DNA_Breakage,TRUE,both,TRUE
00_Breakage/sBLISS,TK6_Top2_mediated_DSBs/ETO_rep2,hg19,TRUE,0,0,0,TRUE,BED,TK6_cells_Top2_ETO,Biological,#BFABCB,DNA_Breakage,TRUE,both,TRUE
00_Breakage/sBLISS,CD34_Top2_mediated_DSBs/DMSO_rep1,hg19,TRUE,0,0,0,TRUE,BED,CD34_cells_Top2_DMSO,Biological,#BFABCB,DNA_Breakage,TRUE,both,TRUE
00_Breakage/sBLISS,CD34_Top2_mediated_DSBs/DMSO_rep2,hg19,TRUE,0,0,0,TRUE,BED,CD34_cells_Top2_DMSO,Biological,#BFABCB,DNA_Breakage,TRUE,both,TRUE
00_Breakage/sBLISS,CD34_Top2_mediated_DSBs/ETO_rep1,hg19,TRUE,0,0,0,TRUE,BED,CD34_cells_Top2_ETO,Biological,#BFABCB,DNA_Breakage,TRUE,both,TRUE
00_Breakage/sBLISS,CD34_Top2_mediated_DSBs/ETO_rep2,hg19,TRUE,0,0,0,TRUE,BED,CD34_cells_Top2_ETO,Biological,#BFABCB,DNA_Breakage,TRUE,both,TRUE
00_Breakage/sBLISS,Colibactin_Ecoli_induced_DSBs/Caco-2_etoposide_rep1,hg19,TRUE,0,0,0,TRUE,BED,Caco2_cells_ETO,Biological,#BFABCB,DNA_Breakage,TRUE,both,TRUE
00_Breakage/sBLISS,Colibactin_Ecoli_induced_DSBs/Caco-2_etoposide_rep2,hg19,TRUE,0,0,0,TRUE,BED,Caco2_cells_ETO,Biological,#BFABCB,DNA_Breakage,TRUE,both,TRUE
00_Breakage/sBLISS,Colibactin_Ecoli_induced_DSBs/Caco-2_etoposide_rep3,hg19,TRUE,0,0,0,TRUE,BED,Caco2_cells_ETO,Biological,#BFABCB,DNA_Breakage,TRUE,both,TRUE
00_Breakage/sBLISS,Colibactin_Ecoli_induced_DSBs/Caco-2_etoposide_rep4,hg19,TRUE,0,0,0,TRUE,BED,Caco2_cells_ETO,Biological,#BFABCB,DNA_Breakage,TRUE,both,TRUE
00_Breakage/sBLISS,Colibactin_Ecoli_induced_DSBs/Caco-2_pks_plus_Ecoli_rep1,hg19,TRUE,0,0,0,TRUE,BED,Caco2_cells_colibactin_pos,Biological,#BFABCB,DNA_Breakage,TRUE,both,TRUE
00_Breakage/sBLISS,Colibactin_Ecoli_induced_DSBs/Caco-2_pks_plus_Ecoli_rep2,hg19,TRUE,0,0,0,TRUE,BED,Caco2_cells_colibactin_pos,Biological,#BFABCB,DNA_Breakage,TRUE,both,TRUE
00_Breakage/sBLISS,Colibactin_Ecoli_induced_DSBs/Caco-2_pks_plus_Ecoli_rep4,hg19,TRUE,0,0,0,TRUE,BED,Caco2_cells_colibactin_pos,Biological,#BFABCB,DNA_Breakage,TRUE,both,TRUE
00_Breakage/sBLISS,Colibactin_Ecoli_induced_DSBs/Caco-2_pks_minus_Ecoli_rep1,hg19,TRUE,0,0,0,TRUE,BED,Caco2_cells_colibactin_minus,Biological,#BFABCB,DNA_Breakage,TRUE,both,TRUE
00_Breakage/sBLISS,Colibactin_Ecoli_induced_DSBs/Caco-2_pks_minus_Ecoli_rep2,hg19,TRUE,0,0,0,TRUE,BED,Caco2_cells_colibactin_minus,Biological,#BFABCB,DNA_Breakage,TRUE,both,TRUE
00_Breakage/sBLISS,Colibactin_Ecoli_induced_DSBs/Caco-2_pks_minus_Ecoli_rep3,hg19,TRUE,0,0,0,TRUE,BED,Caco2_cells_colibactin_minus,Biological,#BFABCB,DNA_Breakage,TRUE,both,TRUE
00_Breakage/sBLISS,Colibactin_Ecoli_induced_DSBs/Caco-2_pks_minus_Ecoli_rep4,hg19,TRUE,0,0,0,TRUE,BED,Caco2_cells_colibactin_minus,Biological,#BFABCB,DNA_Breakage,TRUE,both,TRUE
00_Breakage/cfDNA,Healthy,hs37d5,FALSE,0,0,0,TRUE,FASTA,Healthy,Cell free DNA,#FFA435,DNA_Breakage,TRUE,both,TRUE
00_Breakage/cfDNA,Breast_cancer_Invasive_infiltratingductal,hs37d5,FALSE,0,0,0,TRUE,FASTA,Cancer_Breast,Cell free DNA,#FFA435,DNA_Breakage,TRUE,both,TRUE
00_Breakage/cfDNA,Crohns_disease,hs37d5,FALSE,0,0,0,TRUE,FASTA,Autoimmune_Crohns,Cell free DNA,#FFA435,DNA_Breakage,TRUE,both,TRUE
00_Breakage/cfDNA,Ulcerative_Colitis,hs37d5,FALSE,0,0,0,TRUE,FASTA,Autoimmune_Ulcerative_Colitis,Cell free DNA,#FFA435,DNA_Breakage,TRUE,both,TRUE
00_Breakage/cfDNA,Systemic_Lupus_Erythematosus,hs37d5,FALSE,0,0,0,TRUE,FASTA,Autoimmune_Systemic_Lupus,Cell free DNA,#FFA435,DNA_Breakage,TRUE,both,TRUE
00_Breakage/cfDNA,Ovarian_cancer,hs37d5,FALSE,0,0,0,TRUE,FASTA,Cancer_Ovarian,Cell free DNA,#FFA435,DNA_Breakage,TRUE,both,TRUE
00_Breakage/cfDNA,Skin_cancer_Melanoma,hs37d5,FALSE,0,0,0,TRUE,FASTA,Cancer_skin,Cell free DNA,#FFA435,DNA_Breakage,TRUE,both,TRUE
00_Breakage/cfDNA,Lung_cancer_Adenocarcinoma,hs37d5,FALSE,0,0,0,TRUE,FASTA,Cancer_Lung,Cell free DNA,#FFA435,DNA_Breakage,TRUE,both,TRUE
00_Breakage/cfDNA,Uterine_cancer,hs37d5,FALSE,0,0,0,TRUE,FASTA,Cancer_Uterine,Cell free DNA,#FFA435,DNA_Breakage,TRUE,both,TRUE
00_Breakage/cfDNA,Colorectal_cancer,hs37d5,FALSE,0,0,0,TRUE,FASTA,Cancer_Colorectal,Cell free DNA,#FFA435,DNA_Breakage,TRUE,both,TRUE
00_Breakage/cfDNA,Prostate_cancer,hs37d5,FALSE,0,0,0,TRUE,FASTA,Cancer_Prostate,Cell free DNA,#FFA435,DNA_Breakage,TRUE,both,TRUE
00_Breakage/cfDNA,Head_and_neck_cancer,hs37d5,FALSE,0,0,0,TRUE,FASTA,Cancer_Head_and_neck,Cell free DNA,#FFA435,DNA_Breakage,TRUE,both,TRUE
00_Breakage/cfDNA,Bladder_cancer,hs37d5,FALSE,0,0,0,TRUE,FASTA,Cancer_Bladder,Cell free DNA,#FFA435,DNA_Breakage,TRUE,both,TRUE
00_Breakage/cfDNA,Kidney_cancer_Clear_cell,hs37d5,FALSE,0,0,0,TRUE,FASTA,Cancer_Kidney,Cell free DNA,#FFA435,DNA_Breakage,TRUE,both,TRUE
00_Breakage/cfDNA,Testicular_cancer_Seminomatous,hs37d5,FALSE,0,0,0,TRUE,FASTA,Cancer_Testicular,Cell free DNA,#FFA435,DNA_Breakage,TRUE,both,TRUE
00_Breakage/cfDNA,Pancreatic_cancer_Ductal_adenocarcinoma,hs37d5,FALSE,0,0,0,TRUE,FASTA,Cancer_Pancreatic,Cell free DNA,#FFA435,DNA_Breakage,TRUE,both,TRUE
00_Breakage/cfDNA,Esophageal_cancer,hs37d5,FALSE,0,0,0,TRUE,FASTA,Cancer_Esophageal,Cell free DNA,#FFA435,DNA_Breakage,TRUE,both,TRUE
00_Breakage/SSB,G5/6h,hg19,TRUE,0,1,0,TRUE,BED,K562_cells_G5_6h,Biological,#BFABCB,DNA_Breakage,TRUE,both,TRUE
00_Breakage/SSB,G5/48h,hg19,TRUE,0,1,0,TRUE,BED,K562_cells_G5_48h,Biological,#BFABCB,DNA_Breakage,TRUE,both,TRUE
00_Breakage/SSB,Imatinib/6h,hg19,TRUE,0,1,0,TRUE,BED,K562_cells_Imatinib_6h,Biological,#BFABCB,DNA_Breakage,TRUE,both,TRUE
00_Breakage/SSB,Imatinib/48h,hg19,TRUE,0,1,0,TRUE,BED,K562_cells_Imatinib_48h,Biological,#BFABCB,DNA_Breakage,TRUE,both,TRUE
00_Breakage/SSB,SN/6h,hg19,TRUE,0,1,0,TRUE,BED,K562_cells_SN_6h,Biological,#BFABCB,DNA_Breakage,TRUE,both,TRUE
00_Breakage/SSB,SN/48h,hg19,TRUE,0,1,0,TRUE,BED,K562_cells_SN_48h,Biological,#BFABCB,DNA_Breakage,TRUE,both,TRUE
00_Breakage/SSB,Talazoparib/6h,hg19,TRUE,0,1,0,TRUE,BED,K562_cells_Talazoparib_6h,Biological,#BFABCB,DNA_Breakage,TRUE,both,TRUE
00_Breakage/SSB,Talazoparib/48h,hg19,TRUE,0,1,0,TRUE,BED,K562_cells_Talazoparib_48h,Biological,#BFABCB,DNA_Breakage,TRUE,both,TRUE
01_Epigenome,Chipseq/Histone/H3K4me3_NHEK_cells,hg19,TRUE,0,0,0,TRUE,NARROWPEAK,Chipseq_NHEK_cells_H3K4me3,Epigenome_Chipseq,#E4D00A,Epigenome_Markers,FALSE,both,FALSE
01_Epigenome,Chipseq/Histone/H3K4me2_NHEK_cells,hg19,TRUE,0,0,0,TRUE,BROADPEAK,Chipseq_NHEK_cells_H3K4me2,Epigenome_Chipseq,#E4D00A,Epigenome_Markers,FALSE,both,FALSE
01_Epigenome,Chipseq/Histone/H3K27ac_NHEK_cells,hg19,TRUE,0,0,0,TRUE,BROADPEAK,Chipseq_NHEK_cells_H3K27ac,Epigenome_Chipseq,#E4D00A,Epigenome_Markers,FALSE,both,FALSE
01_Epigenome,Chipseq/Histone/H3K4me1_NHEK_cells,hg19,TRUE,0,0,0,TRUE,BROADPEAK,Chipseq_NHEK_cells_H3K4me1,Epigenome_Chipseq,#E4D00A,Epigenome_Markers,FALSE,both,FALSE
01_Epigenome,Chipseq/Histone/H3K79me2_NHEK_cells,hg19,TRUE,0,0,0,TRUE,BROADPEAK,Chipseq_NHEK_cells_H3K79me2,Epigenome_Chipseq,#E4D00A,Epigenome_Markers,FALSE,both,FALSE
01_Epigenome,Chipseq/Histone/H3K36me3_NHEK_cells,hg19,TRUE,0,0,0,TRUE,NARROWPEAK,Chipseq_NHEK_cells_H3K36me3,Epigenome_Chipseq,#E4D00A,Epigenome_Markers,FALSE,both,FALSE
01_Epigenome,Chipseq/Histone/H2AZ_NHEK_cells,hg19,TRUE,0,0,0,TRUE,BROADPEAK,Chipseq_NHEK_cells_H2AZ,Epigenome_Chipseq,#E4D00A,Epigenome_Markers,FALSE,both,FALSE
01_Epigenome,Chipseq/POL2B,hg19,TRUE,0,0,0,TRUE,BROADPEAK,Chipseq_NHEK_cells_POLR2B,Epigenome_Chipseq,#E4D00A,Epigenome_Markers,FALSE,both,FALSE
01_Epigenome,Chipseq/Histone/H3K9me3_NHEK_cells,hg19,TRUE,0,0,0,TRUE,BROADPEAK,Chipseq_NHEK_cells_H3K9me3,Epigenome_Chipseq,#E4D00A,Epigenome_Markers,FALSE,both,FALSE
01_Epigenome,Chipseq/Histone/H3K27me3_NHEK_cells,hg19,TRUE,0,0,0,TRUE,BROADPEAK,Chipseq_NHEK_cells_H3K27me3,Epigenome_Chipseq,#E4D00A,Epigenome_Markers,FALSE,both,FALSE
01_Epigenome,Chipseq/Histone/EZH2_NHEK_cells,hg19,TRUE,0,0,0,TRUE,BROADPEAK,Chipseq_NHEK_cells_EZH2,Epigenome_Chipseq,#E4D00A,Epigenome_Markers,FALSE,both,FALSE
01_Epigenome,ATACseq/MCF7,hg38,TRUE,0,0,0,TRUE,NARROWPEAK,ATACseq_MCF7_cells,Epigenome_ATACseq,#D15137,Epigenome_Markers,FALSE,both,FALSE
01_Epigenome,ATACseq/K562,hg38,TRUE,0,0,0,TRUE,NARROWPEAK,ATACseq_K562_cells,Epigenome_ATACseq,#D15137,Epigenome_Markers,FALSE,both,FALSE
01_Epigenome,ATACseq/HCT116,hg38,TRUE,0,0,0,TRUE,NARROWPEAK,ATACseq_HCT116_cells,Epigenome_ATACseq,#D15137,Epigenome_Markers,FALSE,both,FALSE
01_Epigenome,FAIREseq/HeLa_S3,hg19,TRUE,0,0,0,TRUE,NARROWPEAK,FAIREseq_HeLaS3_cells,Epigenome_FAIREseq,#612940,Epigenome_Markers,FALSE,both,FALSE
01_Epigenome,FAIREseq/K562,hg19,TRUE,0,0,0,TRUE,NARROWPEAK,FAIREseq_K562_cells,Epigenome_FAIREseq,#612940,Epigenome_Markers,FALSE,both,FALSE
01_Epigenome,FAIREseq/MCF7,hg19,TRUE,0,0,0,TRUE,NARROWPEAK,FAIREseq_MCF7_cells,Epigenome_FAIREseq,#612940,Epigenome_Markers,FALSE,both,FALSE
01_Epigenome,Dnaseseq/K562,hg38,TRUE,0,0,0,TRUE,NARROWPEAK,Dnaseseq_K562_cells,Epigenome_DNaseseq,#89CFF0,Epigenome_Markers,FALSE,both,FALSE
01_Epigenome,Dnaseseq/MCF7,hg38,TRUE,0,0,0,TRUE,NARROWPEAK,Dnaseseq_MCF7_cells,Epigenome_DNaseseq,#89CFF0,Epigenome_Markers,FALSE,both,FALSE
01_Epigenome,Dnaseseq/Caco2,hg38,TRUE,0,0,0,TRUE,NARROWPEAK,Dnaseseq_Caco2_cells,Epigenome_DNaseseq,#89CFF0,Epigenome_Markers,FALSE,both,FALSE
01_Epigenome,Dnaseseq/HeLa_S3,hg38,TRUE,0,0,0,TRUE,NARROWPEAK,Dnaseseq_HeLaS3_cells,Epigenome_DNaseseq,#89CFF0,Epigenome_Markers,FALSE,both,FALSE
01_Epigenome,Dnaseseq/HL60,hg38,TRUE,0,0,0,TRUE,NARROWPEAK,Dnaseseq_HL60_cells,Epigenome_DNaseseq,#89CFF0,Epigenome_Markers,FALSE,both,FALSE
01_Epigenome,Dnaseseq/HCT116,hg38,TRUE,0,0,0,TRUE,NARROWPEAK,Dnaseseq_HCT116_cells,Epigenome_DNaseseq,#89CFF0,Epigenome_Markers,FALSE,both,FALSE
01_Epigenome,Dnaseseq/HyperSensitive_Clusters,hg19,TRUE,0,0,0,TRUE,CSV,Dnaseseq_DNaseI_Hypersensitive_clusters,Epigenome_Dnaseseq,#89CFF0,Epigenome_Markers,FALSE,both,FALSE
01_Epigenome,Chipseq/Histone/H3K4me1_DMSO_GBM_tumor_initiating_cell_line,hg18,TRUE,0,0,0,TRUE,BED,Epigenome_GBM_TICs_cells_H3K4me1_DMSO,Epigenome_Chipseq,#E4D00A,Epigenome_Markers,FALSE,both,FALSE
01_Epigenome,Chipseq/Histone/H3K4me1_LSD1-inhib_GBM_tumor_initiating_cell_line,hg18,TRUE,0,0,0,TRUE,BED,Epigenome_GBM_TICs_cells_H3K4me1_LSD1-inhib,Epigenome_Chipseq,#E4D00A,Epigenome_Markers,FALSE,both,FALSE
01_Epigenome,Chipseq/Histone/H3K4me2_DMSO_GBM_tumor_initiating_cell_line,hg18,TRUE,0,0,0,TRUE,BED,Epigenome_GBM_TICs_cells_H3K4me2_DMSO,Epigenome_Chipseq,#E4D00A,Epigenome_Markers,FALSE,both,FALSE
01_Epigenome,Chipseq/Histone/H3K4me2_LSD1-inhib_GBM_tumor_initiating_cell_line,hg18,TRUE,0,0,0,TRUE,BED,Epigenome_GBM_TICs_cells_H3K4me2_LSD1-inhib,Epigenome_Chipseq,#E4D00A,Epigenome_Markers,FALSE,both,FALSE
01_Epigenome,Chipseq/Histone/H3K4me3_DMSO_GBM_tumor_initiating_cell_line,hg18,TRUE,0,0,0,TRUE,BED,Epigenome_GBM_TICs_cells_H3K4me3_DMSO,Epigenome_Chipseq,#E4D00A,Epigenome_Markers,FALSE,both,FALSE
01_Epigenome,Chipseq/Histone/H3K4me3_LSD1-inhib_GBM_tumor_initiating_cell_line,hg18,TRUE,0,0,0,TRUE,BED,Epigenome_GBM_TICs_cells_H3K4me3_LSD1-inhib,Epigenome_Chipseq,#E4D00A,Epigenome_Markers,FALSE,both,FALSE
01_Epigenome,Chipseq/SUMO1/Proliferative_fibro_WI38_cells,hg19,TRUE,0,0,0,TRUE,BED,Chipseq_WI38_cells_SUMO1_proliferate,Epigenome_Chipseq,#E4D00A,Epigenome_Markers,FALSE,both,FALSE
01_Epigenome,Chipseq/SUMO2/Proliferative_fibro_WI38_cells,hg19,TRUE,0,0,0,TRUE,BED,Chipseq_WI38_cells_SUMO2_proliferate,Epigenome_Chipseq,#E4D00A,Epigenome_Markers,FALSE,both,FALSE
01_Epigenome,Chipseq/Ubc9/Proliferative_fibro_WI38_cells,hg19,TRUE,0,0,0,TRUE,BED,Chipseq_WI38_cells_Ubc9_proliferate,Epigenome_Chipseq,#E4D00A,Epigenome_Markers,FALSE,both,FALSE
01_Epigenome,Chipseq/PIASy/Proliferative_fibro_WI38_cells,hg19,TRUE,0,0,0,TRUE,BED,Chipseq_WI38_cells_PIASy_proliferate,Epigenome_Chipseq,#E4D00A,Epigenome_Markers,FALSE,both,FALSE
01_Epigenome,Chipseq/SUMO1/Ras-induced-senescent_fibro_WI38_cells,hg19,TRUE,0,0,0,TRUE,BED,Chipseq_WI38_cells_SUMO1_ras,Epigenome_Chipseq,#E4D00A,Epigenome_Markers,FALSE,both,FALSE
01_Epigenome,Chipseq/SUMO2/Ras-induced-senescent_fibro_WI38_cells,hg19,TRUE,0,0,0,TRUE,BED,Chipseq_WI38_cells_SUMO2_ras,Epigenome_Chipseq,#E4D00A,Epigenome_Markers,FALSE,both,FALSE
01_Epigenome,Chipseq/Ubc9/Ras-induced-senescent_fibro_WI38_cells,hg19,TRUE,0,0,0,TRUE,BED,Chipseq_WI38_cells_Ubc9_ras,Epigenome_Chipseq,#E4D00A,Epigenome_Markers,FALSE,both,FALSE
01_Epigenome,Chipseq/PIASy/Ras-induced-senescent_fibro_WI38_cells,hg19,TRUE,0,0,0,TRUE,BED,Chipseq_WI38_cells_PIASy_ras,Epigenome_Chipseq,#E4D00A,Epigenome_Markers,FALSE,both,FALSE
02_JASPAR,AR,hg19,TRUE,0,0,0,TRUE,CSV,TFBS_AR,TFBS_JASPAR,#619B61,TFBS,FALSE,both,FALSE
02_JASPAR,ASCL1,hg38,TRUE,0,0,0,TRUE,CSV,TFBS_ASCL1,TFBS_JASPAR,#619B61,TFBS,FALSE,both,FALSE
02_JASPAR,ATF2,hg38,TRUE,0,0,0,TRUE,CSV,TFBS_ATF2,TFBS_JASPAR,#619B61,TFBS,FALSE,both,FALSE
02_JASPAR,ATF4,hg38,TRUE,0,0,0,TRUE,CSV,TFBS_ATF4,TFBS_JASPAR,#619B61,TFBS,FALSE,both,FALSE
02_JASPAR,BACH1,hg38,TRUE,0,0,0,TRUE,CSV,TFBS_BACH1,TFBS_JASPAR,#619B61,TFBS,FALSE,both,FALSE
02_JASPAR,BACH1_MAFK,hg19,TRUE,0,0,0,TRUE,CSV,TFBS_BACH1_MAFK,TFBS_JASPAR,#619B61,TFBS,FALSE,both,FALSE
02_JASPAR,BACH2,hg38,TRUE,0,0,0,TRUE,CSV,TFBS_BACH2,TFBS_JASPAR,#619B61,TFBS,FALSE,both,FALSE
02_JASPAR,BATF,hg38,TRUE,0,0,0,TRUE,CSV,TFBS_BATF,TFBS_JASPAR,#619B61,TFBS,FALSE,both,FALSE
02_JASPAR,BATF3,hg38,TRUE,0,0,0,TRUE,CSV,TFBS_BATF3,TFBS_JASPAR,#619B61,TFBS,FALSE,both,FALSE
02_JASPAR,BATF_JUN,hg19,TRUE,0,0,0,TRUE,CSV,TFBS_BATF_JUN,TFBS_JASPAR,#619B61,TFBS,FALSE,both,FALSE
02_JASPAR,BCL11A,hg38,TRUE,0,0,0,TRUE,CSV,TFBS_BCL11A,TFBS_JASPAR,#619B61,TFBS,FALSE,both,FALSE
02_JASPAR,BHLHE22,hg38,TRUE,0,0,0,TRUE,CSV,TFBS_BHLHE22,TFBS_JASPAR,#619B61,TFBS,FALSE,both,FALSE
02_JASPAR,BNC2,hg38,TRUE,0,0,0,TRUE,CSV,TFBS_BNC2,TFBS_JASPAR,#619B61,TFBS,FALSE,both,FALSE
02_JASPAR,CDX2,hg19,TRUE,0,0,0,TRUE,CSV,TFBS_CDX2,TFBS_JASPAR,#619B61,TFBS,FALSE,both,FALSE
02_JASPAR,CEBPA,hg19,TRUE,0,0,0,TRUE,CSV,TFBS_CEBPA,TFBS_JASPAR,#619B61,TFBS,FALSE,both,FALSE
02_JASPAR,CEBPB,hg19,TRUE,0,0,0,TRUE,CSV,TFBS_CEBPB,TFBS_JASPAR,#619B61,TFBS,FALSE,both,FALSE
02_JASPAR,CEBPD,hg38,TRUE,0,0,0,TRUE,CSV,TFBS_CEBPD,TFBS_JASPAR,#619B61,TFBS,FALSE,both,FALSE
02_JASPAR,CEBPG,hg38,TRUE,0,0,0,TRUE,CSV,TFBS_CEBPG,TFBS_JASPAR,#619B61,TFBS,FALSE,both,FALSE
02_JASPAR,CREB1,hg38,TRUE,0,0,0,TRUE,CSV,TFBS_CREB1,TFBS_JASPAR,#619B61,TFBS,FALSE,both,FALSE
02_JASPAR,CREM,hg38,TRUE,0,0,0,TRUE,CSV,TFBS_CREM,TFBS_JASPAR,#619B61,TFBS,FALSE,both,FALSE
02_JASPAR,CTCFL,hg38,TRUE,0,0,0,TRUE,CSV,TFBS_CTCFL,TFBS_JASPAR,#619B61,TFBS,FALSE,both,FALSE
02_JASPAR,DUX4,hg19,TRUE,0,0,0,TRUE,CSV,TFBS_DUX4,TFBS_JASPAR,#619B61,TFBS,FALSE,both,FALSE
02_JASPAR,E2F1,hg19,TRUE,0,0,0,TRUE,CSV,TFBS_E2F1,TFBS_JASPAR,#619B61,TFBS,FALSE,both,FALSE
02_JASPAR,E2F4,hg19,TRUE,0,0,0,TRUE,CSV,TFBS_E2F4,TFBS_JASPAR,#619B61,TFBS,FALSE,both,FALSE
02_JASPAR,E2F6,hg19,TRUE,0,0,0,TRUE,CSV,TFBS_E2F6,TFBS_JASPAR,#619B61,TFBS,FALSE,both,FALSE
02_JASPAR,EBF1,hg19,TRUE,0,0,0,TRUE,CSV,TFBS_EBF1,TFBS_JASPAR,#619B61,TFBS,FALSE,both,FALSE
02_JASPAR,EBF3,hg38,TRUE,0,0,0,TRUE,CSV,TFBS_EBF3,TFBS_JASPAR,#619B61,TFBS,FALSE,both,FALSE
02_JASPAR,EGR1,hg19,TRUE,0,0,0,TRUE,CSV,TFBS_EGR1,TFBS_JASPAR,#619B61,TFBS,FALSE,both,FALSE
02_JASPAR,EHF,hg19,TRUE,0,0,0,TRUE,CSV,TFBS_EHF,TFBS_JASPAR,#619B61,TFBS,FALSE,both,FALSE
02_JASPAR,ELF1,hg19,TRUE,0,0,0,TRUE,CSV,TFBS_ELF1,TFBS_JASPAR,#619B61,TFBS,FALSE,both,FALSE
02_JASPAR,ELF3,hg38,TRUE,0,0,0,TRUE,CSV,TFBS_ELF3,TFBS_JASPAR,#619B61,TFBS,FALSE,both,FALSE
02_JASPAR,ELK4,hg19,TRUE,0,0,0,TRUE,CSV,TFBS_ELK4,TFBS_JASPAR,#619B61,TFBS,FALSE,both,FALSE
02_JASPAR,EOMES,hg38,TRUE,0,0,0,TRUE,CSV,TFBS_EOMES,TFBS_JASPAR,#619B61,TFBS,FALSE,both,FALSE
02_JASPAR,EPAS1,hg38,TRUE,0,0,0,TRUE,CSV,TFBS_EPAS1,TFBS_JASPAR,#619B61,TFBS,FALSE,both,FALSE
02_JASPAR,ESR2,hg19,TRUE,0,0,0,TRUE,CSV,TFBS_ESR2,TFBS_JASPAR,#619B61,TFBS,FALSE,both,FALSE
02_JASPAR,ESRRA,hg19,TRUE,0,0,0,TRUE,CSV,TFBS_ESRRA,TFBS_JASPAR,#619B61,TFBS,FALSE,both,FALSE
02_JASPAR,ETV1,hg38,TRUE,0,0,0,TRUE,CSV,TFBS_ETV1,TFBS_JASPAR,#619B61,TFBS,FALSE,both,FALSE
02_JASPAR,ETV4,hg38,TRUE,0,0,0,TRUE,CSV,TFBS_ETV4,TFBS_JASPAR,#619B61,TFBS,FALSE,both,FALSE
02_JASPAR,ETV5,hg38,TRUE,0,0,0,TRUE,CSV,TFBS_ETV5,TFBS_JASPAR,#619B61,TFBS,FALSE,both,FALSE
02_JASPAR,FEZF2,hg19,TRUE,0,0,0,TRUE,CSV,TFBS_FEZF2,TFBS_JASPAR,#619B61,TFBS,FALSE,both,FALSE
02_JASPAR,FLI1,hg19,TRUE,0,0,0,TRUE,CSV,TFBS_FLI1,TFBS_JASPAR,#619B61,TFBS,FALSE,both,FALSE
02_JASPAR,FOS,hg19,TRUE,0,0,0,TRUE,CSV,TFBS_FOS,TFBS_JASPAR,#619B61,TFBS,FALSE,both,FALSE
02_JASPAR,FOSL1,hg19,TRUE,0,0,0,TRUE,CSV,TFBS_FOSL1,TFBS_JASPAR,#619B61,TFBS,FALSE,both,FALSE
02_JASPAR,FOSL2,hg19,TRUE,0,0,0,TRUE,CSV,TFBS_FOSL2,TFBS_JASPAR,#619B61,TFBS,FALSE,both,FALSE
02_JASPAR,FOXA1,hg19,TRUE,0,0,0,TRUE,CSV,TFBS_FOXA1,TFBS_JASPAR,#619B61,TFBS,FALSE,both,FALSE
02_JASPAR,FOXA2,hg38,TRUE,0,0,0,TRUE,CSV,TFBS_FOXA2,TFBS_JASPAR,#619B61,TFBS,FALSE,both,FALSE
02_JASPAR,FOXA3,hg38,TRUE,0,0,0,TRUE,CSV,TFBS_FOXA3,TFBS_JASPAR,#619B61,TFBS,FALSE,both,FALSE
02_JASPAR,FOXH1,hg19,TRUE,0,0,0,TRUE,CSV,TFBS_FOXH1,TFBS_JASPAR,#619B61,TFBS,FALSE,both,FALSE
02_JASPAR,FOXK1,hg38,TRUE,0,0,0,TRUE,CSV,TFBS_FOXK1,TFBS_JASPAR,#619B61,TFBS,FALSE,both,FALSE
02_JASPAR,FOXK2,hg38,TRUE,0,0,0,TRUE,CSV,TFBS_FOXK2,TFBS_JASPAR,#619B61,TFBS,FALSE,both,FALSE
02_JASPAR,FOXP1,hg19,TRUE,0,0,0,TRUE,CSV,TFBS_FOXP1,TFBS_JASPAR,#619B61,TFBS,FALSE,both,FALSE
02_JASPAR,FOXP2,hg19,TRUE,0,0,0,TRUE,CSV,TFBS_FOXP2,TFBS_JASPAR,#619B61,TFBS,FALSE,both,FALSE
02_JASPAR,FOXP4,hg38,TRUE,0,0,0,TRUE,CSV,TFBS_FOXP4,TFBS_JASPAR,#619B61,TFBS,FALSE,both,FALSE
02_JASPAR,FOXS1,hg38,TRUE,0,0,0,TRUE,CSV,TFBS_FOXS1,TFBS_JASPAR,#619B61,TFBS,FALSE,both,FALSE
02_JASPAR,GABPA,hg38,TRUE,0,0,0,TRUE,CSV,TFBS_GABPA,TFBS_JASPAR,#619B61,TFBS,FALSE,both,FALSE
02_JASPAR,GATA1,hg38,TRUE,0,0,0,TRUE,CSV,TFBS_GATA1,TFBS_JASPAR,#619B61,TFBS,FALSE,both,FALSE
02_JASPAR,GATA2,hg19,TRUE,0,0,0,TRUE,CSV,TFBS_GATA2,TFBS_JASPAR,#619B61,TFBS,FALSE,both,FALSE
02_JASPAR,GATA3,hg19,TRUE,0,0,0,TRUE,CSV,TFBS_GATA3,TFBS_JASPAR,#619B61,TFBS,FALSE,both,FALSE
02_JASPAR,GATA4,hg38,TRUE,0,0,0,TRUE,CSV,TFBS_GATA4,TFBS_JASPAR,#619B61,TFBS,FALSE,both,FALSE
02_JASPAR,GATA6,hg38,TRUE,0,0,0,TRUE,CSV,TFBS_GATA6,TFBS_JASPAR,#619B61,TFBS,FALSE,both,FALSE
02_JASPAR,GRHL2,hg38,TRUE,0,0,0,TRUE,CSV,TFBS_GRHL2,TFBS_JASPAR,#619B61,TFBS,FALSE,both,FALSE
02_JASPAR,HAND2,hg38,TRUE,0,0,0,TRUE,CSV,TFBS_HAND2,TFBS_JASPAR,#619B61,TFBS,FALSE,both,FALSE
02_JASPAR,HIF1A,hg38,TRUE,0,0,0,TRUE,CSV,TFBS_HIF1A,TFBS_JASPAR,#619B61,TFBS,FALSE,both,FALSE
02_JASPAR,HLF,hg38,TRUE,0,0,0,TRUE,CSV,TFBS_HLF,TFBS_JASPAR,#619B61,TFBS,FALSE,both,FALSE
02_JASPAR,HNF4A,hg19,TRUE,0,0,0,TRUE,CSV,TFBS_HNF4A,TFBS_JASPAR,#619B61,TFBS,FALSE,both,FALSE
02_JASPAR,HNF4G,hg19,TRUE,0,0,0,TRUE,CSV,TFBS_HNF4G,TFBS_JASPAR,#619B61,TFBS,FALSE,both,FALSE
02_JASPAR,HOXB13,hg38,TRUE,0,0,0,TRUE,CSV,TFBS_HOXB13,TFBS_JASPAR,#619B61,TFBS,FALSE,both,FALSE
02_JASPAR,HSF1,hg19,TRUE,0,0,0,TRUE,CSV,TFBS_HSF1,TFBS_JASPAR,#619B61,TFBS,FALSE,both,FALSE
02_JASPAR,IKZF1,hg38,TRUE,0,0,0,TRUE,CSV,TFBS_IKZF1,TFBS_JASPAR,#619B61,TFBS,FALSE,both,FALSE
02_JASPAR,IKZF2,hg38,TRUE,0,0,0,TRUE,CSV,TFBS_IKZF2,TFBS_JASPAR,#619B61,TFBS,FALSE,both,FALSE
02_JASPAR,IRF1,hg19,TRUE,0,0,0,TRUE,CSV,TFBS_IRF1,TFBS_JASPAR,#619B61,TFBS,FALSE,both,FALSE
02_JASPAR,ISL1,hg38,TRUE,0,0,0,TRUE,CSV,TFBS_ISL1,TFBS_JASPAR,#619B61,TFBS,FALSE,both,FALSE
02_JASPAR,JUN,hg19,TRUE,0,0,0,TRUE,CSV,TFBS_JUN,TFBS_JASPAR,#619B61,TFBS,FALSE,both,FALSE
02_JASPAR,JUNB,hg19,TRUE,0,0,0,TRUE,CSV,TFBS_JUNB,TFBS_JASPAR,#619B61,TFBS,FALSE,both,FALSE
02_JASPAR,JUND,hg19,TRUE,0,0,0,TRUE,CSV,TFBS_JUND,TFBS_JASPAR,#619B61,TFBS,FALSE,both,FALSE
02_JASPAR,KLF15,hg38,TRUE,0,0,0,TRUE,CSV,TFBS_KLF15,TFBS_JASPAR,#619B61,TFBS,FALSE,both,FALSE
02_JASPAR,KLF4,hg38,TRUE,0,0,0,TRUE,CSV,TFBS_KLF4,TFBS_JASPAR,#619B61,TFBS,FALSE,both,FALSE
02_JASPAR,KLF5,hg19,TRUE,0,0,0,TRUE,CSV,TFBS_KLF5,TFBS_JASPAR,#619B61,TFBS,FALSE,both,FALSE
02_JASPAR,KLF9,hg38,TRUE,0,0,0,TRUE,CSV,TFBS_KLF9,TFBS_JASPAR,#619B61,TFBS,FALSE,both,FALSE
02_JASPAR,LHX2,hg38,TRUE,0,0,0,TRUE,CSV,TFBS_LHX2,TFBS_JASPAR,#619B61,TFBS,FALSE,both,FALSE
02_JASPAR,MAFF,hg19,TRUE,0,0,0,TRUE,CSV,TFBS_MAFF,TFBS_JASPAR,#619B61,TFBS,FALSE,both,FALSE
02_JASPAR,MAFG,hg38,TRUE,0,0,0,TRUE,CSV,TFBS_MAFG,TFBS_JASPAR,#619B61,TFBS,FALSE,both,FALSE
02_JASPAR,MAFG_NFE2L1,hg38,TRUE,0,0,0,TRUE,CSV,TFBS_MAFG_NFE2L1,TFBS_JASPAR,#619B61,TFBS,FALSE,both,FALSE
02_JASPAR,MAFK,hg19,TRUE,0,0,0,TRUE,CSV,TFBS_MAFK,TFBS_JASPAR,#619B61,TFBS,FALSE,both,FALSE
02_JASPAR,MAF_NFE2,hg19,TRUE,0,0,0,TRUE,CSV,TFBS_MAF_NFE2,TFBS_JASPAR,#619B61,TFBS,FALSE,both,FALSE
02_JASPAR,MAX,hg19,TRUE,0,0,0,TRUE,CSV,TFBS_MAX,TFBS_JASPAR,#619B61,TFBS,FALSE,both,FALSE
02_JASPAR,MAZ,hg38,TRUE,0,0,0,TRUE,CSV,TFBS_MAZ,TFBS_JASPAR,#619B61,TFBS,FALSE,both,FALSE
02_JASPAR,MEF2A,hg19,TRUE,0,0,0,TRUE,CSV,TFBS_MEF2A,TFBS_JASPAR,#619B61,TFBS,FALSE,both,FALSE
02_JASPAR,MEF2C,hg19,TRUE,0,0,0,TRUE,CSV,TFBS_MEF2C,TFBS_JASPAR,#619B61,TFBS,FALSE,both,FALSE
02_JASPAR,MEIS1,hg38,TRUE,0,0,0,TRUE,CSV,TFBS_MEIS1,TFBS_JASPAR,#619B61,TFBS,FALSE,both,FALSE
02_JASPAR,MEIS2,hg38,TRUE,0,0,0,TRUE,CSV,TFBS_MEIS2,TFBS_JASPAR,#619B61,TFBS,FALSE,both,FALSE
02_JASPAR,MITF,hg38,TRUE,0,0,0,TRUE,CSV,TFBS_MITF,TFBS_JASPAR,#619B61,TFBS,FALSE,both,FALSE
02_JASPAR,MXI1,hg38,TRUE,0,0,0,TRUE,CSV,TFBS_MXI1,TFBS_JASPAR,#619B61,TFBS,FALSE,both,FALSE
02_JASPAR,MYB,hg38,TRUE,0,0,0,TRUE,CSV,TFBS_MYB,TFBS_JASPAR,#619B61,TFBS,FALSE,both,FALSE
02_JASPAR,MYC,hg38,TRUE,0,0,0,TRUE,CSV,TFBS_MYC,TFBS_JASPAR,#619B61,TFBS,FALSE,both,FALSE
02_JASPAR,MYCN,hg38,TRUE,0,0,0,TRUE,CSV,TFBS_MYCN,TFBS_JASPAR,#619B61,TFBS,FALSE,both,FALSE
02_JASPAR,MYF5,hg38,TRUE,0,0,0,TRUE,CSV,TFBS_MYF5,TFBS_JASPAR,#619B61,TFBS,FALSE,both,FALSE
02_JASPAR,MYOD1,hg38,TRUE,0,0,0,TRUE,CSV,TFBS_MYOD1,TFBS_JASPAR,#619B61,TFBS,FALSE,both,FALSE
02_JASPAR,MYOG,hg38,TRUE,0,0,0,TRUE,CSV,TFBS_MYOG,TFBS_JASPAR,#619B61,TFBS,FALSE,both,FALSE
02_JASPAR,MZF1,hg38,TRUE,0,0,0,TRUE,CSV,TFBS_MZF1,TFBS_JASPAR,#619B61,TFBS,FALSE,both,FALSE
02_JASPAR,NEUROD1,hg38,TRUE,0,0,0,TRUE,CSV,TFBS_NEUROD1,TFBS_JASPAR,#619B61,TFBS,FALSE,both,FALSE
02_JASPAR,NEUROG2,hg38,TRUE,0,0,0,TRUE,CSV,TFBS_NEUROG2,TFBS_JASPAR,#619B61,TFBS,FALSE,both,FALSE
02_JASPAR,NFIB,hg38,TRUE,0,0,0,TRUE,CSV,TFBS_NFIB,TFBS_JASPAR,#619B61,TFBS,FALSE,both,FALSE
02_JASPAR,NFIC,hg38,TRUE,0,0,0,TRUE,CSV,TFBS_NFIC,TFBS_JASPAR,#619B61,TFBS,FALSE,both,FALSE
02_JASPAR,NFIL3,hg38,TRUE,0,0,0,TRUE,CSV,TFBS_NFIL3,TFBS_JASPAR,#619B61,TFBS,FALSE,both,FALSE
02_JASPAR,NFKB1,hg19,TRUE,0,0,0,TRUE,CSV,TFBS_NFKB1,TFBS_JASPAR,#619B61,TFBS,FALSE,both,FALSE
02_JASPAR,NFYA,hg19,TRUE,0,0,0,TRUE,CSV,TFBS_NFYA,TFBS_JASPAR,#619B61,TFBS,FALSE,both,FALSE
02_JASPAR,NFYB,hg19,TRUE,0,0,0,TRUE,CSV,TFBS_NFYB,TFBS_JASPAR,#619B61,TFBS,FALSE,both,FALSE
02_JASPAR,NFYC,hg38,TRUE,0,0,0,TRUE,CSV,TFBS_NFYC,TFBS_JASPAR,#619B61,TFBS,FALSE,both,FALSE
02_JASPAR,NR1H4,hg38,TRUE,0,0,0,TRUE,CSV,TFBS_NR1H4,TFBS_JASPAR,#619B61,TFBS,FALSE,both,FALSE
02_JASPAR,NR2C2,hg19,TRUE,0,0,0,TRUE,CSV,TFBS_NR2C2,TFBS_JASPAR,#619B61,TFBS,FALSE,both,FALSE
02_JASPAR,NR2F2,hg38,TRUE,0,0,0,TRUE,CSV,TFBS_NR2F2,TFBS_JASPAR,#619B61,TFBS,FALSE,both,FALSE
02_JASPAR,NR4A1,hg38,TRUE,0,0,0,TRUE,CSV,TFBS_NR4A1,TFBS_JASPAR,#619B61,TFBS,FALSE,both,FALSE
02_JASPAR,NRF1,hg19,TRUE,0,0,0,TRUE,CSV,TFBS_NRF1,TFBS_JASPAR,#619B61,TFBS,FALSE,both,FALSE
02_JASPAR,ONECUT1,hg38,TRUE,0,0,0,TRUE,CSV,TFBS_ONECUT1,TFBS_JASPAR,#619B61,TFBS,FALSE,both,FALSE
02_JASPAR,OSR2,hg38,TRUE,0,0,0,TRUE,CSV,TFBS_OSR2,TFBS_JASPAR,#619B61,TFBS,FALSE,both,FALSE
02_JASPAR,OTX2,hg38,TRUE,0,0,0,TRUE,CSV,TFBS_OTX2,TFBS_JASPAR,#619B61,TFBS,FALSE,both,FALSE
02_JASPAR,PAX5,hg19,TRUE,0,0,0,TRUE,CSV,TFBS_PAX5,TFBS_JASPAR,#619B61,TFBS,FALSE,both,FALSE
02_JASPAR,PBX2,hg38,TRUE,0,0,0,TRUE,CSV,TFBS_PBX2,TFBS_JASPAR,#619B61,TFBS,FALSE,both,FALSE
02_JASPAR,PBX3,hg38,TRUE,0,0,0,TRUE,CSV,TFBS_PBX3,TFBS_JASPAR,#619B61,TFBS,FALSE,both,FALSE
02_JASPAR,PGR,hg38,TRUE,0,0,0,TRUE,CSV,TFBS_PGR,TFBS_JASPAR,#619B61,TFBS,FALSE,both,FALSE
02_JASPAR,PHOX2B,hg38,TRUE,0,0,0,TRUE,CSV,TFBS_PHOX2B,TFBS_JASPAR,#619B61,TFBS,FALSE,both,FALSE
02_JASPAR,PKNOX1,hg38,TRUE,0,0,0,TRUE,CSV,TFBS_PKNOX1,TFBS_JASPAR,#619B61,TFBS,FALSE,both,FALSE
02_JASPAR,PLAGL1,hg38,TRUE,0,0,0,TRUE,CSV,TFBS_PLAGL1,TFBS_JASPAR,#619B61,TFBS,FALSE,both,FALSE
02_JASPAR,POU2F2,hg19,TRUE,0,0,0,TRUE,CSV,TFBS_POU2F2,TFBS_JASPAR,#619B61,TFBS,FALSE,both,FALSE
02_JASPAR,POU2F3,hg38,TRUE,0,0,0,TRUE,CSV,TFBS_POU2F3,TFBS_JASPAR,#619B61,TFBS,FALSE,both,FALSE
02_JASPAR,POU5F1,hg38,TRUE,0,0,0,TRUE,CSV,TFBS_POU5F1,TFBS_JASPAR,#619B61,TFBS,FALSE,both,FALSE
02_JASPAR,PRDM1,hg19,TRUE,0,0,0,TRUE,CSV,TFBS_PRDM1,TFBS_JASPAR,#619B61,TFBS,FALSE,both,FALSE
02_JASPAR,PRDM15,hg38,TRUE,0,0,0,TRUE,CSV,TFBS_PRDM15,TFBS_JASPAR,#619B61,TFBS,FALSE,both,FALSE
02_JASPAR,PRDM4,hg38,TRUE,0,0,0,TRUE,CSV,TFBS_PRDM4,TFBS_JASPAR,#619B61,TFBS,FALSE,both,FALSE
02_JASPAR,PTF1A,hg38,TRUE,0,0,0,TRUE,CSV,TFBS_PTF1A,TFBS_JASPAR,#619B61,TFBS,FALSE,both,FALSE
02_JASPAR,RBPJ,hg38,TRUE,0,0,0,TRUE,CSV,TFBS_RBPJ,TFBS_JASPAR,#619B61,TFBS,FALSE,both,FALSE
02_JASPAR,RELB,hg38,TRUE,0,0,0,TRUE,CSV,TFBS_RELB,TFBS_JASPAR,#619B61,TFBS,FALSE,both,FALSE
02_JASPAR,RFX1,hg38,TRUE,0,0,0,TRUE,CSV,TFBS_RFX1,TFBS_JASPAR,#619B61,TFBS,FALSE,both,FALSE
02_JASPAR,RFX2,hg19,TRUE,0,0,0,TRUE,CSV,TFBS_RFX2,TFBS_JASPAR,#619B61,TFBS,FALSE,both,FALSE
02_JASPAR,RFX3,hg38,TRUE,0,0,0,TRUE,CSV,TFBS_RFX3,TFBS_JASPAR,#619B61,TFBS,FALSE,both,FALSE
02_JASPAR,RFX5,hg19,TRUE,0,0,0,TRUE,CSV,TFBS_RFX5,TFBS_JASPAR,#619B61,TFBS,FALSE,both,FALSE
02_JASPAR,RUNX2,hg19,TRUE,0,0,0,TRUE,CSV,TFBS_RUNX2,TFBS_JASPAR,#619B61,TFBS,FALSE,both,FALSE
02_JASPAR,RUNX3,hg38,TRUE,0,0,0,TRUE,CSV,TFBS_RUNX3,TFBS_JASPAR,#619B61,TFBS,FALSE,both,FALSE
02_JASPAR,SATB1,hg38,TRUE,0,0,0,TRUE,CSV,TFBS_SATB1,TFBS_JASPAR,#619B61,TFBS,FALSE,both,FALSE
02_JASPAR,SCRT1,hg38,TRUE,0,0,0,TRUE,CSV,TFBS_SCRT1,TFBS_JASPAR,#619B61,TFBS,FALSE,both,FALSE
02_JASPAR,SCRT2,hg38,TRUE,0,0,0,TRUE,CSV,TFBS_SCRT2,TFBS_JASPAR,#619B61,TFBS,FALSE,both,FALSE
02_JASPAR,SIX1,hg38,TRUE,0,0,0,TRUE,CSV,TFBS_SIX1,TFBS_JASPAR,#619B61,TFBS,FALSE,both,FALSE
02_JASPAR,SIX2,hg38,TRUE,0,0,0,TRUE,CSV,TFBS_SIX2,TFBS_JASPAR,#619B61,TFBS,FALSE,both,FALSE
02_JASPAR,SMAD2,hg38,TRUE,0,0,0,TRUE,CSV,TFBS_SMAD2,TFBS_JASPAR,#619B61,TFBS,FALSE,both,FALSE
02_JASPAR,SNAI2,hg38,TRUE,0,0,0,TRUE,CSV,TFBS_SNAI2,TFBS_JASPAR,#619B61,TFBS,FALSE,both,FALSE
02_JASPAR,SOX10,hg38,TRUE,0,0,0,TRUE,CSV,TFBS_SOX10,TFBS_JASPAR,#619B61,TFBS,FALSE,both,FALSE
02_JASPAR,SOX13,hg38,TRUE,0,0,0,TRUE,CSV,TFBS_SOX13,TFBS_JASPAR,#619B61,TFBS,FALSE,both,FALSE
02_JASPAR,SOX2,hg38,TRUE,0,0,0,TRUE,CSV,TFBS_SOX2,TFBS_JASPAR,#619B61,TFBS,FALSE,both,FALSE
02_JASPAR,SP1,hg19,TRUE,0,0,0,TRUE,CSV,TFBS_SP1,TFBS_JASPAR,#619B61,TFBS,FALSE,both,FALSE
02_JASPAR,SP2,hg19,TRUE,0,0,0,TRUE,CSV,TFBS_SP2,TFBS_JASPAR,#619B61,TFBS,FALSE,both,FALSE
02_JASPAR,SP5,hg38,TRUE,0,0,0,TRUE,CSV,TFBS_SP5,TFBS_JASPAR,#619B61,TFBS,FALSE,both,FALSE
02_JASPAR,SPI1,hg38,TRUE,0,0,0,TRUE,CSV,TFBS_SPI1,TFBS_JASPAR,#619B61,TFBS,FALSE,both,FALSE
02_JASPAR,SPIB,hg38,TRUE,0,0,0,TRUE,CSV,TFBS_SPIB,TFBS_JASPAR,#619B61,TFBS,FALSE,both,FALSE
02_JASPAR,SREBF1,hg19,TRUE,0,0,0,TRUE,CSV,TFBS_SREBF1,TFBS_JASPAR,#619B61,TFBS,FALSE,both,FALSE
02_JASPAR,SREBF2,hg19,TRUE,0,0,0,TRUE,CSV,TFBS_SREBF2,TFBS_JASPAR,#619B61,TFBS,FALSE,both,FALSE
02_JASPAR,SRF,hg19,TRUE,0,0,0,TRUE,CSV,TFBS_SRF,TFBS_JASPAR,#619B61,TFBS,FALSE,both,FALSE
02_JASPAR,STAT1,hg19,TRUE,0,0,0,TRUE,CSV,TFBS_STAT1,TFBS_JASPAR,#619B61,TFBS,FALSE,both,FALSE
02_JASPAR,STAT1_STAT2,hg19,TRUE,0,0,0,TRUE,CSV,TFBS_STAT1_STAT2,TFBS_JASPAR,#619B61,TFBS,FALSE,both,FALSE
02_JASPAR,STAT2,hg38,TRUE,0,0,0,TRUE,CSV,TFBS_STAT2,TFBS_JASPAR,#619B61,TFBS,FALSE,both,FALSE
02_JASPAR,STAT3,hg19,TRUE,0,0,0,TRUE,CSV,TFBS_STAT3,TFBS_JASPAR,#619B61,TFBS,FALSE,both,FALSE
02_JASPAR,STAT5A,hg38,TRUE,0,0,0,TRUE,CSV,TFBS_STAT5A,TFBS_JASPAR,#619B61,TFBS,FALSE,both,FALSE
02_JASPAR,STAT5B,hg38,TRUE,0,0,0,TRUE,CSV,TFBS_STAT5B,TFBS_JASPAR,#619B61,TFBS,FALSE,both,FALSE
02_JASPAR,TCF12,hg38,TRUE,0,0,0,TRUE,CSV,TFBS_TCF12,TFBS_JASPAR,#619B61,TFBS,FALSE,both,FALSE
02_JASPAR,TCF3,hg38,TRUE,0,0,0,TRUE,CSV,TFBS_TCF3,TFBS_JASPAR,#619B61,TFBS,FALSE,both,FALSE
02_JASPAR,TCF4,hg38,TRUE,0,0,0,TRUE,CSV,TFBS_TCF4,TFBS_JASPAR,#619B61,TFBS,FALSE,both,FALSE
02_JASPAR,TCF7,hg38,TRUE,0,0,0,TRUE,CSV,TFBS_TCF7,TFBS_JASPAR,#619B61,TFBS,FALSE,both,FALSE
02_JASPAR,TCF7L2,hg19,TRUE,0,0,0,TRUE,CSV,TFBS_TCF7L2,TFBS_JASPAR,#619B61,TFBS,FALSE,both,FALSE
02_JASPAR,TEAD1,hg38,TRUE,0,0,0,TRUE,CSV,TFBS_TEAD1,TFBS_JASPAR,#619B61,TFBS,FALSE,both,FALSE
02_JASPAR,TEAD2,hg38,TRUE,0,0,0,TRUE,CSV,TFBS_TEAD2,TFBS_JASPAR,#619B61,TFBS,FALSE,both,FALSE
02_JASPAR,TEAD4,hg38,TRUE,0,0,0,TRUE,CSV,TFBS_TEAD4,TFBS_JASPAR,#619B61,TFBS,FALSE,both,FALSE
02_JASPAR,TFAP2A,hg19,TRUE,0,0,0,TRUE,CSV,TFBS_TFAP2A,TFBS_JASPAR,#619B61,TFBS,FALSE,both,FALSE
02_JASPAR,TFAP2C,hg19,TRUE,0,0,0,TRUE,CSV,TFBS_TFAP2C,TFBS_JASPAR,#619B61,TFBS,FALSE,both,FALSE
02_JASPAR,TFDP1,hg38,TRUE,0,0,0,TRUE,CSV,TFBS_TFDP1,TFBS_JASPAR,#619B61,TFBS,FALSE,both,FALSE
02_JASPAR,THAP1,hg19,TRUE,0,0,0,TRUE,CSV,TFBS_THAP1,TFBS_JASPAR,#619B61,TFBS,FALSE,both,FALSE
02_JASPAR,THAP11,hg38,TRUE,0,0,0,TRUE,CSV,TFBS_THAP11,TFBS_JASPAR,#619B61,TFBS,FALSE,both,FALSE
02_JASPAR,THRA,hg38,TRUE,0,0,0,TRUE,CSV,TFBS_THRA,TFBS_JASPAR,#619B61,TFBS,FALSE,both,FALSE
02_JASPAR,TP53,hg19,TRUE,0,0,0,TRUE,CSV,TFBS_TP53,TFBS_JASPAR,#619B61,TFBS,FALSE,both,FALSE
02_JASPAR,TP63,hg19,TRUE,0,0,0,TRUE,CSV,TFBS_TP63,TFBS_JASPAR,#619B61,TFBS,FALSE,both,FALSE
02_JASPAR,TRPS1,hg38,TRUE,0,0,0,TRUE,CSV,TFBS_TRPS1,TFBS_JASPAR,#619B61,TFBS,FALSE,both,FALSE
02_JASPAR,TWIST1,hg38,TRUE,0,0,0,TRUE,CSV,TFBS_TWIST1,TFBS_JASPAR,#619B61,TFBS,FALSE,both,FALSE
02_JASPAR,USF1,hg19,TRUE,0,0,0,TRUE,CSV,TFBS_USF1,TFBS_JASPAR,#619B61,TFBS,FALSE,both,FALSE
02_JASPAR,USF2,hg19,TRUE,0,0,0,TRUE,CSV,TFBS_USF2,TFBS_JASPAR,#619B61,TFBS,FALSE,both,FALSE
02_JASPAR,WT1,hg38,TRUE,0,0,0,TRUE,CSV,TFBS_WT1,TFBS_JASPAR,#619B61,TFBS,FALSE,both,FALSE
02_JASPAR,YY1,hg19,TRUE,0,0,0,TRUE,CSV,TFBS_YY1,TFBS_JASPAR,#619B61,TFBS,FALSE,both,FALSE
02_JASPAR,YY2,hg38,TRUE,0,0,0,TRUE,CSV,TFBS_YY2,TFBS_JASPAR,#619B61,TFBS,FALSE,both,FALSE
02_JASPAR,ZBED2,hg38,TRUE,0,0,0,TRUE,CSV,TFBS_ZBED2,TFBS_JASPAR,#619B61,TFBS,FALSE,both,FALSE
02_JASPAR,ZBED4,hg38,TRUE,0,0,0,TRUE,CSV,TFBS_ZBED4,TFBS_JASPAR,#619B61,TFBS,FALSE,both,FALSE
02_JASPAR,ZBTB11,hg38,TRUE,0,0,0,TRUE,CSV,TFBS_ZBTB11,TFBS_JASPAR,#619B61,TFBS,FALSE,both,FALSE
02_JASPAR,ZBTB12,hg38,TRUE,0,0,0,TRUE,CSV,TFBS_ZBTB12,TFBS_JASPAR,#619B61,TFBS,FALSE,both,FALSE
02_JASPAR,ZBTB14,hg38,TRUE,0,0,0,TRUE,CSV,TFBS_ZBTB14,TFBS_JASPAR,#619B61,TFBS,FALSE,both,FALSE
02_JASPAR,ZBTB17,hg38,TRUE,0,0,0,TRUE,CSV,TFBS_ZBTB17,TFBS_JASPAR,#619B61,TFBS,FALSE,both,FALSE
02_JASPAR,ZBTB24,hg38,TRUE,0,0,0,TRUE,CSV,TFBS_ZBTB24,TFBS_JASPAR,#619B61,TFBS,FALSE,both,FALSE
02_JASPAR,ZBTB26,hg38,TRUE,0,0,0,TRUE,CSV,TFBS_ZBTB26,TFBS_JASPAR,#619B61,TFBS,FALSE,both,FALSE
02_JASPAR,ZBTB33,hg19,TRUE,0,0,0,TRUE,CSV,TFBS_ZBTB33,TFBS_JASPAR,#619B61,TFBS,FALSE,both,FALSE
02_JASPAR,ZBTB6,hg38,TRUE,0,0,0,TRUE,CSV,TFBS_ZBTB6,TFBS_JASPAR,#619B61,TFBS,FALSE,both,FALSE
02_JASPAR,ZBTB7A,hg38,TRUE,0,0,0,TRUE,CSV,TFBS_ZBTB7A,TFBS_JASPAR,#619B61,TFBS,FALSE,both,FALSE
02_JASPAR,ZEB1,hg19,TRUE,0,0,0,TRUE,CSV,TFBS_ZEB1,TFBS_JASPAR,#619B61,TFBS,FALSE,both,FALSE
02_JASPAR,ZFP42,hg38,TRUE,0,0,0,TRUE,CSV,TFBS_ZFP42,TFBS_JASPAR,#619B61,TFBS,FALSE,both,FALSE
02_JASPAR,ZFP57,hg38,TRUE,0,0,0,TRUE,CSV,TFBS_ZFP57,TFBS_JASPAR,#619B61,TFBS,FALSE,both,FALSE
02_JASPAR,ZIC1_ZIC2,hg38,TRUE,0,0,0,TRUE,CSV,TFBS_ZIC1_ZIC2,TFBS_JASPAR,#619B61,TFBS,FALSE,both,FALSE
02_JASPAR,ZIC2,hg38,TRUE,0,0,0,TRUE,CSV,TFBS_ZIC2,TFBS_JASPAR,#619B61,TFBS,FALSE,both,FALSE
02_JASPAR,ZIM3,hg38,TRUE,0,0,0,TRUE,CSV,TFBS_ZIM3,TFBS_JASPAR,#619B61,TFBS,FALSE,both,FALSE
02_JASPAR,ZKSCAN1,hg38,TRUE,0,0,0,TRUE,CSV,TFBS_ZKSCAN1,TFBS_JASPAR,#619B61,TFBS,FALSE,both,FALSE
02_JASPAR,ZKSCAN3,hg38,TRUE,0,0,0,TRUE,CSV,TFBS_ZKSCAN3,TFBS_JASPAR,#619B61,TFBS,FALSE,both,FALSE
02_JASPAR,ZKSCAN5,hg38,TRUE,0,0,0,TRUE,CSV,TFBS_ZKSCAN5,TFBS_JASPAR,#619B61,TFBS,FALSE,both,FALSE
02_JASPAR,ZNF135,hg38,TRUE,0,0,0,TRUE,CSV,TFBS_ZNF135,TFBS_JASPAR,#619B61,TFBS,FALSE,both,FALSE
02_JASPAR,ZNF136,hg38,TRUE,0,0,0,TRUE,CSV,TFBS_ZNF136,TFBS_JASPAR,#619B61,TFBS,FALSE,both,FALSE
02_JASPAR,ZNF140,hg38,TRUE,0,0,0,TRUE,CSV,TFBS_ZNF140,TFBS_JASPAR,#619B61,TFBS,FALSE,both,FALSE
02_JASPAR,ZNF148,hg38,TRUE,0,0,0,TRUE,CSV,TFBS_ZNF148,TFBS_JASPAR,#619B61,TFBS,FALSE,both,FALSE
02_JASPAR,ZNF157,hg38,TRUE,0,0,0,TRUE,CSV,TFBS_ZNF157,TFBS_JASPAR,#619B61,TFBS,FALSE,both,FALSE
02_JASPAR,ZNF16,hg38,TRUE,0,0,0,TRUE,CSV,TFBS_ZNF16,TFBS_JASPAR,#619B62,TFBS,FALSE,both,FALSE
02_JASPAR,ZNF175,hg38,TRUE,0,0,0,TRUE,CSV,TFBS_ZNF175,TFBS_JASPAR,#619B63,TFBS,FALSE,both,FALSE
02_JASPAR,ZNF189,hg38,TRUE,0,0,0,TRUE,CSV,TFBS_ZNF189,TFBS_JASPAR,#619B64,TFBS,FALSE,both,FALSE
02_JASPAR,ZNF211,hg38,TRUE,0,0,0,TRUE,CSV,TFBS_ZNF211,TFBS_JASPAR,#619B65,TFBS,FALSE,both,FALSE
02_JASPAR,ZNF213,hg38,TRUE,0,0,0,TRUE,CSV,TFBS_ZNF213,TFBS_JASPAR,#619B66,TFBS,FALSE,both,FALSE
02_JASPAR,ZNF24,hg38,TRUE,0,0,0,TRUE,CSV,TFBS_ZNF24,TFBS_JASPAR,#619B67,TFBS,FALSE,both,FALSE
02_JASPAR,ZNF263,hg19,TRUE,0,0,0,TRUE,CSV,TFBS_ZNF263,TFBS_JASPAR,#619B68,TFBS,FALSE,both,FALSE
02_JASPAR,ZNF281,hg38,TRUE,0,0,0,TRUE,CSV,TFBS_ZNF281,TFBS_JASPAR,#619B69,TFBS,FALSE,both,FALSE
02_JASPAR,ZNF317,hg38,TRUE,0,0,0,TRUE,CSV,TFBS_ZNF317,TFBS_JASPAR,#619B70,TFBS,FALSE,both,FALSE
02_JASPAR,ZNF331,hg38,TRUE,0,0,0,TRUE,CSV,TFBS_ZNF331,TFBS_JASPAR,#619B71,TFBS,FALSE,both,FALSE
02_JASPAR,ZNF341,hg38,TRUE,0,0,0,TRUE,CSV,TFBS_ZNF341,TFBS_JASPAR,#619B72,TFBS,FALSE,both,FALSE
02_JASPAR,ZNF35,hg38,TRUE,0,0,0,TRUE,CSV,TFBS_ZNF35,TFBS_JASPAR,#619B73,TFBS,FALSE,both,FALSE
02_JASPAR,ZNF382,hg38,TRUE,0,0,0,TRUE,CSV,TFBS_ZNF382,TFBS_JASPAR,#619B74,TFBS,FALSE,both,FALSE
02_JASPAR,ZNF384,hg38,TRUE,0,0,0,TRUE,CSV,TFBS_ZNF384,TFBS_JASPAR,#619B75,TFBS,FALSE,both,FALSE
02_JASPAR,ZNF416,hg38,TRUE,0,0,0,TRUE,CSV,TFBS_ZNF416,TFBS_JASPAR,#619B76,TFBS,FALSE,both,FALSE
02_JASPAR,ZNF449,hg38,TRUE,0,0,0,TRUE,CSV,TFBS_ZNF449,TFBS_JASPAR,#619B77,TFBS,FALSE,both,FALSE
02_JASPAR,ZNF460,hg38,TRUE,0,0,0,TRUE,CSV,TFBS_ZNF460,TFBS_JASPAR,#619B78,TFBS,FALSE,both,FALSE
02_JASPAR,ZNF528,hg38,TRUE,0,0,0,TRUE,CSV,TFBS_ZNF528,TFBS_JASPAR,#619B79,TFBS,FALSE,both,FALSE
02_JASPAR,ZNF547,hg38,TRUE,0,0,0,TRUE,CSV,TFBS_ZNF547,TFBS_JASPAR,#619B80,TFBS,FALSE,both,FALSE
02_JASPAR,ZNF549,hg38,TRUE,0,0,0,TRUE,CSV,TFBS_ZNF549,TFBS_JASPAR,#619B81,TFBS,FALSE,both,FALSE
02_JASPAR,ZNF558,hg38,TRUE,0,0,0,TRUE,CSV,TFBS_ZNF558,TFBS_JASPAR,#619B82,TFBS,FALSE,both,FALSE
02_JASPAR,ZNF582,hg38,TRUE,0,0,0,TRUE,CSV,TFBS_ZNF582,TFBS_JASPAR,#619B83,TFBS,FALSE,both,FALSE
02_JASPAR,ZNF610,hg38,TRUE,0,0,0,TRUE,CSV,TFBS_ZNF610,TFBS_JASPAR,#619B84,TFBS,FALSE,both,FALSE
02_JASPAR,ZNF652,hg38,TRUE,0,0,0,TRUE,CSV,TFBS_ZNF652,TFBS_JASPAR,#619B85,TFBS,FALSE,both,FALSE
02_JASPAR,ZNF677,hg38,TRUE,0,0,0,TRUE,CSV,TFBS_ZNF677,TFBS_JASPAR,#619B86,TFBS,FALSE,both,FALSE
02_JASPAR,ZNF680,hg38,TRUE,0,0,0,TRUE,CSV,TFBS_ZNF680,TFBS_JASPAR,#619B87,TFBS,FALSE,both,FALSE
02_JASPAR,ZNF682,hg38,TRUE,0,0,0,TRUE,CSV,TFBS_ZNF682,TFBS_JASPAR,#619B88,TFBS,FALSE,both,FALSE
02_JASPAR,ZNF692,hg38,TRUE,0,0,0,TRUE,CSV,TFBS_ZNF692,TFBS_JASPAR,#619B89,TFBS,FALSE,both,FALSE
02_JASPAR,ZNF708,hg38,TRUE,0,0,0,TRUE,CSV,TFBS_ZNF708,TFBS_JASPAR,#619B90,TFBS,FALSE,both,FALSE
02_JASPAR,ZNF75D,hg38,TRUE,0,0,0,TRUE,CSV,TFBS_ZNF75D,TFBS_JASPAR,#619B91,TFBS,FALSE,both,FALSE
02_JASPAR,ZNF766,hg38,TRUE,0,0,0,TRUE,CSV,TFBS_ZNF766,TFBS_JASPAR,#619B92,TFBS,FALSE,both,FALSE
02_JASPAR,ZNF770,hg38,TRUE,0,0,0,TRUE,CSV,TFBS_ZNF770,TFBS_JASPAR,#619B93,TFBS,FALSE,both,FALSE
02_JASPAR,ZNF816,hg38,TRUE,0,0,0,TRUE,CSV,TFBS_ZNF816,TFBS_JASPAR,#619B94,TFBS,FALSE,both,FALSE
02_JASPAR,ZNF85,hg38,TRUE,0,0,0,TRUE,CSV,TFBS_ZNF85,TFBS_JASPAR,#619B95,TFBS,FALSE,both,FALSE
02_JASPAR,ZNF93,hg38,TRUE,0,0,0,TRUE,CSV,TFBS_ZNF93,TFBS_JASPAR,#619B96,TFBS,FALSE,both,FALSE
02_JASPAR,ZSCAN21,hg38,TRUE,0,0,0,TRUE,CSV,TFBS_ZSCAN21,TFBS_JASPAR,#619B97,TFBS,FALSE,both,FALSE
03_G4maps,G4seq_primary_B_lymphocytes,hg19,TRUE,0,0,0,TRUE,CSV,G4seq_map,G4seq_map,#4592C8,G4_map,FALSE,both,FALSE
